time,price
09:30:02,6409.46
09:30:06,6409.46
09:30:07,6416.35
09:30:12,6418.35
09:30:17,6417.74
09:30:22,6415.46
09:30:27,6415.48
09:30:32,6414.44
09:30:37,6414.46
09:30:42,6414.41
09:30:47,6415.38
09:30:52,6415.48
09:30:57,6416.69
09:31:02,6418.47
09:31:06,6418.47
09:31:07,6418.67
09:31:12,6419.12
09:31:17,6420
09:31:22,6419.14
09:31:27,6417.9
09:31:32,6417.7
09:31:37,6417.66
09:31:42,6418.32
09:31:47,6418.42
09:31:52,6419.23
09:31:57,6418.47
09:32:02,6418.44
09:32:06,6418.44
09:32:07,6418.43
09:32:12,6419.32
09:32:17,6419.71
09:32:22,6421.4
09:32:27,6422.32
09:32:32,6421.26
09:32:37,6421.49
09:32:42,6421.58
09:32:47,6419.14
09:32:52,6416.83
09:32:57,6415.79
09:33:02,6415.83
09:33:05,6415.83
09:33:07,6415.53
09:33:12,6414.74
09:33:17,6415.61
09:33:22,6415.72
09:33:27,6415.5
09:33:32,6415.09
09:33:37,6415.28
09:33:42,6416.71
09:33:47,6415.12
09:33:52,6415.21
09:33:57,6413.38
09:34:02,6415.41
09:34:06,6415.41
09:34:07,6415.91
09:34:12,6417.89
09:34:17,6417.62
09:34:22,6416.55
09:34:27,6414.95
09:34:32,6413.47
09:34:37,6412.75
09:34:42,6411.68
09:34:47,6411.95
09:34:52,6411.39
09:34:57,6410.71
09:35:02,6409.87
09:35:06,6409.87
09:35:07,6411.09
09:35:12,6413.91
09:35:17,6416.19
09:35:22,6417.5
09:35:27,6417.86
09:35:32,6416.54
09:35:37,6416.3
09:35:42,6416.13
09:35:47,6417.03
09:35:52,6416.84
09:35:57,6417.16
09:36:02,6416.62
09:36:06,6416.62
09:36:07,6415.85
09:36:12,6416.13
09:36:17,6414.74
09:36:22,6413.51
09:36:27,6411.19
09:36:32,6410.01
09:36:37,6409.16
09:36:42,6410.25
09:36:47,6410.12
09:36:52,6410.29
09:36:57,6407.54
09:37:02,6406.61
09:37:06,6406.61
09:37:07,6406.38
09:37:12,6406.04
09:37:17,6406.38
09:37:22,6406.42
09:37:27,6407.67
09:37:32,6409.37
09:37:37,6409.27
09:37:42,6409.63
09:37:47,6408.94
09:37:52,6408.02
09:37:57,6407.45
09:38:02,6406.99
09:38:06,6406.99
09:38:07,6406.45
09:38:12,6405.89
09:38:17,6406.01
09:38:22,6406.14
09:38:27,6406.46
09:38:32,6407.15
09:38:37,6407.56
09:38:42,6408.4
09:38:47,6408.2
09:38:52,6406.92
09:38:57,6407.11
09:39:02,6407.08
09:39:06,6407.08
09:39:07,6407.64
09:39:12,6408.28
09:39:17,6408.94
09:39:22,6410.79
09:39:27,6410.78
09:39:32,6411.96
09:39:37,6412.63
09:39:42,6413.09
09:39:47,6414.25
09:39:52,6415.54
09:39:57,6417.02
09:40:02,6418.43
09:40:06,6418.43
09:40:07,6421.43
09:40:12,6423.04
09:40:17,6423.5
09:40:22,6423.26
09:40:27,6422.86
09:40:32,6422.43
09:40:37,6422.05
09:40:42,6423.01
09:40:47,6423.82
09:40:52,6424.3
09:40:57,6425.07
09:41:02,6426.1
09:41:06,6426.1
09:41:07,6427.03
09:41:12,6428.4
09:41:17,6428.7
09:41:22,6428.32
09:41:27,6428.13
09:41:32,6427.78
09:41:37,6428.01
09:41:42,6427.71
09:41:47,6427.61
09:41:52,6427.88
09:41:57,6426.83
09:42:02,6426.85
09:42:06,6426.85
09:42:07,6427.06
09:42:12,6426.97
09:42:17,6426.47
09:42:22,6425.11
09:42:27,6424.64
09:42:32,6423.18
09:42:37,6423.53
09:42:42,6423.13
09:42:47,6423.35
09:42:52,6423
09:42:57,6423.52
09:43:02,6421.68
09:43:06,6421.68
09:43:07,6421.4
09:43:12,6419.89
09:43:17,6419.34
09:43:22,6419.23
09:43:27,6419.02
09:43:32,6418.15
09:43:37,6417.89
09:43:42,6417.48
09:43:47,6417.68
09:43:52,6417.42
09:43:57,6417.02
09:44:02,6415.79
09:44:06,6415.79
09:44:07,6414.41
09:44:12,6413.37
09:44:17,6413.37
09:44:22,6412.5
09:44:27,6411.65
09:44:32,6410.69
09:44:37,6409.82
09:44:42,6409.11
09:44:47,6408.46
09:44:52,6407.58
09:44:57,6406.19
09:45:02,6406.99
09:45:06,6406.99
09:45:07,6407.05
09:45:12,6407.34
09:45:17,6408.18
09:45:22,6410.4
09:45:27,6412.71
09:45:32,6414.95
09:45:37,6413.94
09:45:42,6413.17
09:45:47,6411.83
09:45:52,6410.79
09:45:57,6410.33
09:46:02,6409.35
09:46:06,6409.35
09:46:07,6409.63
09:46:12,6408.68
09:46:17,6407.98
09:46:22,6406.54
09:46:27,6406
09:46:32,6405.08
09:46:37,6404.89
09:46:42,6408.16
09:46:47,6411.08
09:46:52,6414.06
09:46:57,6414.42
09:47:02,6413.97
09:47:06,6413.97
09:47:07,6412.54
09:47:12,6410.82
09:47:17,6409.46
09:47:22,6407.89
09:47:27,6408.5
09:47:32,6408.75
09:47:37,6409.88
09:47:42,6412.63
09:47:47,6412.22
09:47:52,6413.72
09:47:57,6414.75
09:48:02,6414.13
09:48:06,6414.13
09:48:07,6415.54
09:48:12,6415.7
09:48:17,6416.29
09:48:22,6418
09:48:27,6417.2
09:48:32,6416.8
09:48:37,6416.56
09:48:42,6415.72
09:48:47,6414.92
09:48:52,6414.27
09:48:57,6413.6
09:49:02,6413.41
09:49:06,6413.41
09:49:07,6414.58
09:49:12,6414.33
09:49:17,6417.87
09:49:22,6422.88
09:49:27,6427.06
09:49:32,6430.52
09:49:37,6431.49
09:49:42,6433.38
09:49:47,6435.66
09:49:52,6434.76
09:49:57,6434.69
09:50:02,6435.72
09:50:06,6435.72
09:50:07,6438.39
09:50:12,6439.84
09:50:17,6440.05
09:50:22,6439.5
09:50:27,6438.85
09:50:32,6439.65
09:50:37,6439.38
09:50:42,6439.64
09:50:47,6439.93
09:50:52,6441.02
09:50:57,6441.51
09:51:02,6442.32
09:51:06,6442.32
09:51:07,6443.37
09:51:12,6442.66
09:51:17,6442.26
09:51:22,6439.66
09:51:27,6437.88
09:51:32,6437.44
09:51:37,6436.85
09:51:42,6436.59
09:51:47,6434.86
09:51:52,6437.22
09:51:57,6438.05
09:52:02,6437.76
09:52:06,6437.76
09:52:07,6437.4
09:52:12,6437.67
09:52:17,6437.1
09:52:22,6435.66
09:52:27,6435.63
09:52:32,6435.01
09:52:37,6434.39
09:52:42,6435.1
09:52:47,6435.74
09:52:52,6436.23
09:52:57,6437.05
09:53:02,6438.08
09:53:06,6438.08
09:53:07,6438.53
09:53:12,6439.65
09:53:17,6439.71
09:53:22,6439.98
09:53:27,6440.22
09:53:32,6440.59
09:53:37,6441.03
09:53:42,6441.05
09:53:47,6441.39
09:53:52,6441.76
09:53:57,6441.72
09:54:02,6441.55
09:54:06,6441.55
09:54:07,6443.13
09:54:12,6442.54
09:54:17,6442.73
09:54:22,6442.42
09:54:27,6442.1
09:54:32,6442.63
09:54:37,6442.92
09:54:42,6442.58
09:54:47,6442.19
09:54:52,6442.38
09:54:57,6442.38
09:55:02,6442.6
09:55:06,6442.6
09:55:07,6443.33
09:55:12,6443.75
09:55:17,6444.83
09:55:22,6444.45
09:55:27,6444.68
09:55:32,6443.92
09:55:37,6442.68
09:55:42,6441.77
09:55:47,6440.99
09:55:52,6440.72
09:55:57,6440.05
09:56:02,6441.39
09:56:06,6441.39
09:56:07,6442.98
09:56:12,6443.93
09:56:17,6443.12
09:56:22,6442.44
09:56:27,6441.89
09:56:32,6443.07
09:56:37,6441.26
09:56:42,6440.35
09:56:47,6441.27
09:56:52,6442.29
09:56:57,6442.98
09:57:02,6443.43
09:57:06,6443.43
09:57:07,6444.2
09:57:12,6444.19
09:57:17,6444.73
09:57:22,6444.61
09:57:27,6444.87
09:57:32,6444.02
09:57:37,6444.06
09:57:42,6442.91
09:57:47,6442.78
09:57:52,6442.14
09:57:57,6443.2
09:58:02,6443.23
09:58:06,6443.23
09:58:07,6443.32
09:58:12,6443.25
09:58:17,6442.77
09:58:22,6442.33
09:58:27,6442.28
09:58:32,6442.76
09:58:37,6442.76
09:58:42,6444.06
09:58:47,6444.42
09:58:52,6444.4
09:58:57,6444.58
09:59:02,6445.8
09:59:06,6445.8
09:59:07,6445.75
09:59:12,6446.64
09:59:17,6446.75
09:59:22,6446.8
09:59:27,6446.72
09:59:32,6444.62
09:59:37,6442.88
09:59:42,6442.45
09:59:47,6443.24
09:59:52,6441.54
09:59:57,6440.81
10:00:02,6442.04
10:00:06,6442.04
10:00:07,6442.06
10:00:12,6442.79
10:00:17,6445.23
10:00:22,6444.73
10:00:27,6444.22
10:00:32,6445.19
10:00:37,6444.86
10:00:42,6444.95
10:00:47,6445.38
10:00:52,6445.93
10:00:57,6446.89
10:01:02,6447.24
10:01:06,6447.24
10:01:07,6448.27
10:01:12,6449.91
10:01:17,6450.51
10:01:22,6450.24
10:01:27,6450.24
10:01:32,6450.06
10:01:37,6448.39
10:01:42,6448.92
10:01:47,6450.04
10:01:52,6450.07
10:01:57,6450.21
10:02:02,6450.2
10:02:06,6450.2
10:02:07,6450.88
10:02:12,6448.87
10:02:17,6447.07
10:02:22,6447.24
10:02:27,6446.05
10:02:32,6445.12
10:02:37,6445.44
10:02:42,6445.76
10:02:47,6446.87
10:02:52,6448.01
10:02:57,6448.87
10:03:02,6449.69
10:03:06,6449.69
10:03:07,6449.63
10:03:12,6448.85
10:03:17,6448.31
10:03:22,6448.55
10:03:27,6448.12
10:03:32,6448.13
10:03:37,6448.84
10:03:42,6449.28
10:03:47,6449
10:03:52,6449.28
10:03:57,6449.48
10:04:02,6449.49
10:04:06,6449.49
10:04:07,6448.06
10:04:12,6447.3
10:04:17,6444.53
10:04:22,6444.2
10:04:27,6443.27
10:04:32,6441.9
10:04:37,6439.8
10:04:42,6439.75
10:04:47,6438.82
10:04:52,6438.25
10:04:57,6438.33
10:05:02,6437.81
10:05:06,6437.81
10:05:07,6437.51
10:05:12,6437.49
10:05:17,6436.71
10:05:22,6437.35
10:05:27,6438.95
10:05:32,6439.9
10:05:37,6441
10:05:42,6441.23
10:05:47,6441.74
10:05:52,6440.64
10:05:57,6440.78
10:06:02,6441.46
10:06:06,6441.46
10:06:07,6442.18
10:06:12,6442.78
10:06:17,6442.9
10:06:22,6443.32
10:06:27,6442.86
10:06:32,6442.95
10:06:37,6443.61
10:06:42,6443.75
10:06:47,6444.07
10:06:52,6444.35
10:06:57,6444.95
10:07:02,6445.22
10:07:06,6445.22
10:07:07,6445.61
10:07:12,6446.01
10:07:17,6446.82
10:07:22,6446.51
10:07:27,6446.88
10:07:32,6447.18
10:07:37,6447.26
10:07:42,6448.88
10:07:47,6449.57
10:07:52,6450.12
10:07:57,6450
10:08:02,6450.14
10:08:06,6450.14
10:08:07,6451.33
10:08:12,6452.28
10:08:17,6452.89
10:08:22,6453.12
10:08:27,6453.59
10:08:32,6451.52
10:08:37,6452.46
10:08:42,6451.45
10:08:47,6449.41
10:08:52,6448.42
10:08:57,6450.11
10:09:02,6450.82
10:09:06,6450.82
10:09:07,6451.44
10:09:12,6451.97
10:09:17,6452.99
10:09:22,6453.34
10:09:27,6453.12
10:09:32,6452.9
10:09:37,6453.71
10:09:42,6453.41
10:09:47,6453.18
10:09:52,6453.29
10:09:57,6452.56
10:10:02,6452.6
10:10:06,6452.6
10:10:07,6453.56
10:10:12,6455.27
10:10:17,6457.3
10:10:22,6458.2
10:10:27,6459.44
10:10:32,6459.89
10:10:37,6460.77
10:10:42,6460.59
10:10:47,6461.13
10:10:52,6461.56
10:10:57,6461.93
10:11:02,6461.98
10:11:06,6461.98
10:11:07,6462.71
10:11:12,6462.44
10:11:17,6460.11
10:11:22,6459.06
10:11:27,6459.09
10:11:32,6459.69
10:11:37,6459.97
10:11:42,6460.2
10:11:47,6459.58
10:11:52,6459.97
10:11:57,6459.59
10:12:02,6459.2
10:12:06,6459.2
10:12:07,6460.04
10:12:12,6460.83
10:12:17,6459.49
10:12:22,6458.56
10:12:27,6457.44
10:12:32,6456.19
10:12:37,6455.21
10:12:42,6455.77
10:12:47,6455.64
10:12:52,6455.52
10:12:57,6455.93
10:13:02,6455.87
10:13:06,6455.87
10:13:07,6455.75
10:13:12,6456.06
10:13:17,6455.67
10:13:22,6456.5
10:13:27,6456.3
10:13:32,6456.96
10:13:37,6456.99
10:13:42,6457.19
10:13:47,6457.77
10:13:52,6457.21
10:13:57,6457.75
10:14:02,6455.11
10:14:06,6455.11
10:14:07,6455.83
10:14:12,6455.27
10:14:17,6452.87
10:14:22,6451.93
10:14:27,6451.99
10:14:32,6451.11
10:14:37,6451.17
10:14:42,6451.41
10:14:47,6451.6
10:14:52,6451.9
10:14:57,6452.27
10:15:02,6452.44
10:15:06,6452.44
10:15:07,6452.28
10:15:12,6451.98
10:15:17,6451.65
10:15:22,6450.88
10:15:27,6451.26
10:15:32,6451.56
10:15:37,6451
10:15:42,6450.63
10:15:47,6451.16
10:15:52,6450.66
10:15:57,6451.15
10:16:02,6451.92
10:16:06,6451.92
10:16:07,6452.42
10:16:12,6452.16
10:16:17,6451.84
10:16:22,6451.79
10:16:27,6451.98
10:16:32,6451.39
10:16:37,6451.25
10:16:42,6452.26
10:16:47,6452.13
10:16:52,6452.1
10:16:57,6452.15
10:17:02,6452.04
10:17:06,6452.04
10:17:07,6452.15
10:17:12,6452.85
10:17:17,6452.83
10:17:22,6452.57
10:17:27,6452.73
10:17:32,6452.34
10:17:37,6451.92
10:17:42,6452
10:17:47,6451.59
10:17:52,6451.69
10:17:57,6451.32
10:18:02,6450.66
10:18:06,6450.66
10:18:07,6450.5
10:18:12,6450.67
10:18:17,6450.55
10:18:22,6451.1
10:18:27,6451.36
10:18:32,6452.16
10:18:37,6453.16
10:18:42,6452.91
10:18:47,6453.01
10:18:52,6453.39
10:18:57,6453.48
10:19:02,6454.06
10:19:06,6454.06
10:19:07,6454.17
10:19:12,6453.82
10:19:17,6453.17
10:19:22,6452.52
10:19:27,6451.11
10:19:32,6451.46
10:19:37,6451.58
10:19:42,6451.78
10:19:47,6451.28
10:19:52,6451.6
10:19:57,6451.67
10:20:02,6451.86
10:20:06,6451.86
10:20:07,6451.92
10:20:12,6453.28
10:20:17,6454.27
10:20:22,6454.56
10:20:27,6454.51
10:20:32,6456.04
10:20:37,6456.63
10:20:42,6456.94
10:20:47,6457.56
10:20:52,6458.07
10:20:57,6458.11
10:21:02,6458.21
10:21:06,6458.21
10:21:07,6458.2
10:21:12,6458.5
10:21:17,6457.81
10:21:22,6457.02
10:21:27,6456.76
10:21:32,6456.52
10:21:37,6456.66
10:21:42,6456.08
10:21:47,6455.96
10:21:52,6456.57
10:21:57,6456.73
10:22:02,6456.62
10:22:06,6456.62
10:22:07,6456.13
10:22:12,6456.47
10:22:17,6456.93
10:22:22,6456.12
10:22:27,6456.39
10:22:32,6456.23
10:22:37,6455.64
10:22:42,6455.12
10:22:47,6455.05
10:22:52,6453.98
10:22:57,6454.22
10:23:02,6454.46
10:23:06,6454.46
10:23:07,6455.3
10:23:12,6455.44
10:23:17,6455.63
10:23:22,6455.57
10:23:27,6455.37
10:23:32,6454.72
10:23:37,6454.45
10:23:42,6454.17
10:23:47,6454.56
10:23:52,6455.39
10:23:57,6454.61
10:24:02,6454.65
10:24:06,6454.65
10:24:07,6454.25
10:24:12,6454.48
10:24:17,6454.98
10:24:22,6454.52
10:24:27,6454.6
10:24:32,6453.99
10:24:37,6454.08
10:24:42,6454.13
10:24:47,6454.04
10:24:52,6453.6
10:24:57,6453.52
10:25:02,6453.85
10:25:06,6453.85
10:25:07,6453.37
10:25:12,6453.35
10:25:17,6454.16
10:25:22,6454.8
10:25:27,6454.33
10:25:32,6454.93
10:25:37,6454.87
10:25:42,6454.79
10:25:47,6454.63
10:25:52,6454.84
10:25:57,6454.76
10:26:02,6454.23
10:26:06,6454.23
10:26:07,6454.68
10:26:12,6454.65
10:26:17,6454.84
10:26:22,6455.36
10:26:27,6455.06
10:26:32,6454.95
10:26:37,6454.82
10:26:42,6454.86
10:26:47,6454.11
10:26:52,6453.65
10:26:57,6451.68
10:27:02,6449.77
10:27:06,6449.77
10:27:07,6450.67
10:27:12,6448.21
10:27:17,6445.88
10:27:22,6445.66
10:27:27,6445.83
10:27:32,6445.3
10:27:37,6444.75
10:27:42,6445.38
10:27:47,6445.75
10:27:52,6445.48
10:27:57,6445.08
10:28:02,6444.82
10:28:06,6444.82
10:28:07,6444.68
10:28:12,6443.76
10:28:17,6444.49
10:28:22,6445.32
10:28:27,6444.95
10:28:32,6446.54
10:28:37,6446.12
10:28:42,6447.55
10:28:47,6447.07
10:28:52,6446.65
10:28:57,6446.02
10:29:02,6445.93
10:29:06,6445.93
10:29:07,6444.26
10:29:12,6444.6
10:29:17,6444.79
10:29:22,6444.33
10:29:27,6444.07
10:29:32,6444.11
10:29:37,6445.41
10:29:42,6445.08
10:29:47,6444.66
10:29:52,6444.83
10:29:57,6445.06
10:30:02,6444.73
10:30:06,6444.73
10:30:07,6444.87
10:30:12,6445.22
10:30:17,6447.24
10:30:22,6448.78
10:30:27,6448.87
10:30:32,6449.32
10:30:37,6448.88
10:30:42,6448.67
10:30:47,6448.68
10:30:52,6448.64
10:30:57,6448.35
10:31:02,6448.26
10:31:06,6448.26
10:31:07,6447.82
10:31:12,6446.59
10:31:17,6444.86
10:31:22,6443.67
10:31:27,6441.39
10:31:32,6440.38
10:31:37,6439.82
10:31:42,6440.13
10:31:47,6440.38
10:31:52,6440.45
10:31:57,6440.36
10:32:02,6441.32
10:32:06,6441.32
10:32:07,6440.9
10:32:12,6441.47
10:32:17,6441.49
10:32:22,6441.78
10:32:27,6441.64
10:32:32,6442.21
10:32:37,6442.3
10:32:42,6442.26
10:32:47,6442.67
10:32:52,6442.42
10:32:57,6442.77
10:33:02,6443.17
10:33:06,6443.17
10:33:07,6442.79
10:33:12,6442.84
10:33:17,6442.94
10:33:22,6443.28
10:33:27,6444.01
10:33:32,6444.36
10:33:37,6445.43
10:33:42,6445.25
10:33:47,6444.9
10:33:52,6444.52
10:33:57,6444.46
10:34:02,6444.25
10:34:06,6444.25
10:34:07,6443.88
10:34:12,6444.08
10:34:17,6443.49
10:34:22,6444.32
10:34:27,6445.26
10:34:32,6445.22
10:34:37,6445.43
10:34:42,6445.53
10:34:47,6445.92
10:34:52,6446.34
10:34:57,6446.48
10:35:02,6446.87
10:35:06,6446.87
10:35:07,6446.96
10:35:12,6447.85
10:35:17,6448.07
10:35:22,6448.47
10:35:27,6448.59
10:35:32,6448.68
10:35:37,6449.13
10:35:42,6448.98
10:35:47,6449.92
10:35:52,6450.05
10:35:57,6450.52
10:36:02,6451.59
10:36:06,6451.59
10:36:07,6452.54
10:36:12,6453.33
10:36:17,6453.42
10:36:22,6454.42
10:36:27,6454.05
10:36:32,6453.4
10:36:37,6453.22
10:36:42,6452.81
10:36:47,6452.59
10:36:52,6453.2
10:36:57,6453.36
10:37:02,6453.18
10:37:06,6453.18
10:37:07,6453
10:37:12,6453.33
10:37:17,6453.17
10:37:22,6453.45
10:37:27,6453.28
10:37:32,6453.84
10:37:37,6454.35
10:37:42,6454.88
10:37:47,6455.43
10:37:52,6455.88
10:37:57,6455.86
10:38:02,6456.59
10:38:04,6456.59
10:38:07,6456.75
10:38:12,6457.04
10:38:17,6457.65
10:38:22,6457.85
10:38:27,6457.8
10:38:32,6458.63
10:38:37,6458.54
10:38:42,6459.05
10:38:47,6459.05
10:38:52,6458.45
10:38:57,6458.89
10:39:02,6458.33
10:39:06,6458.33
10:39:07,6458.55
10:39:12,6458.66
10:39:17,6457.92
10:39:22,6458.02
10:39:27,6457.17
10:39:32,6457.7
10:39:37,6457.29
10:39:42,6457.72
10:39:47,6455.27
10:39:52,6455.56
10:39:57,6454.83
10:40:02,6454.36
10:40:06,6454.36
10:40:07,6453.82
10:40:12,6454.78
10:40:17,6455.27
10:40:22,6454.65
10:40:27,6454.72
10:40:32,6454.97
10:40:37,6454.98
10:40:42,6454.75
10:40:47,6454.82
10:40:52,6455
10:40:57,6455.15
10:41:02,6456.08
10:41:06,6456.08
10:41:07,6456.38
10:41:12,6456.82
10:41:17,6456.86
10:41:22,6457.47
10:41:27,6458.11
10:41:32,6458.41
10:41:37,6459.18
10:41:42,6459.5
10:41:47,6460.26
10:41:52,6460.26
10:41:57,6460.46
10:42:02,6461.45
10:42:06,6461.45
10:42:07,6461.14
10:42:12,6460.88
10:42:17,6460.69
10:42:22,6458.29
10:42:27,6458.14
10:42:32,6457.47
10:42:37,6456.6
10:42:42,6455.94
10:42:47,6456.45
10:42:52,6456.91
10:42:57,6456.94
10:43:02,6456.49
10:43:06,6456.49
10:43:07,6456.76
10:43:12,6456.4
10:43:17,6455.75
10:43:22,6456.11
10:43:27,6455.53
10:43:32,6455.5
10:43:37,6456.09
10:43:42,6456.41
10:43:47,6456.39
10:43:52,6455.87
10:43:57,6455.88
10:44:02,6455.6
10:44:06,6455.6
10:44:07,6454.8
10:44:12,6454.59
10:44:17,6452.97
10:44:22,6451.42
10:44:27,6450.71
10:44:32,6449.66
10:44:37,6449.18
10:44:42,6449.28
10:44:47,6449.64
10:44:52,6449.76
10:44:57,6450.2
10:45:02,6450.08
10:45:06,6450.08
10:45:07,6449.84
10:45:12,6450.23
10:45:17,6451.19
10:45:22,6452.2
10:45:27,6452.14
10:45:32,6452.19
10:45:37,6452.78
10:45:42,6452.97
10:45:47,6453.06
10:45:52,6453.64
10:45:57,6453.26
10:46:02,6453.32
10:46:06,6453.32
10:46:07,6453.4
10:46:12,6452.91
10:46:17,6452.04
10:46:22,6452.14
10:46:27,6453.51
10:46:32,6452.13
10:46:37,6451.84
10:46:42,6451.01
10:46:47,6450.59
10:46:52,6450.51
10:46:57,6451
10:47:02,6450.92
10:47:06,6450.92
10:47:07,6450.55
10:47:12,6450.5
10:47:17,6450.17
10:47:22,6450.14
10:47:27,6449.78
10:47:32,6449.78
10:47:37,6449.28
10:47:42,6449.78
10:47:47,6449.89
10:47:52,6449.73
10:47:57,6449.79
10:48:02,6449.9
10:48:06,6449.9
10:48:07,6450.13
10:48:12,6450.04
10:48:17,6449.54
10:48:22,6448.63
10:48:27,6447.9
10:48:32,6447.98
10:48:37,6447.74
10:48:42,6447.55
10:48:47,6447.61
10:48:52,6448.33
10:48:57,6447.65
10:49:02,6447.75
10:49:06,6447.75
10:49:07,6448.36
10:49:12,6448.43
10:49:17,6448.53
10:49:22,6448.46
10:49:27,6448.48
10:49:32,6448.73
10:49:37,6448.67
10:49:42,6448.64
10:49:47,6447.7
10:49:52,6447.72
10:49:57,6447.61
10:50:02,6447.53
10:50:06,6447.53
10:50:07,6448.12
10:50:12,6447.75
10:50:17,6448.76
10:50:22,6449.5
10:50:27,6451.14
10:50:32,6452.63
10:50:37,6453.41
10:50:42,6454.15
10:50:47,6454.87
10:50:52,6457.02
10:50:57,6456.32
10:51:02,6456.14
10:51:06,6456.14
10:51:07,6456
10:51:12,6456.26
10:51:17,6456.03
10:51:22,6455.57
10:51:27,6454.33
10:51:32,6452.06
10:51:37,6449.71
10:51:42,6449.21
10:51:47,6448.62
10:51:52,6449.37
10:51:57,6449.91
10:52:02,6450.42
10:52:06,6450.42
10:52:07,6450.76
10:52:12,6451.05
10:52:17,6451.2
10:52:22,6451.45
10:52:27,6451.55
10:52:32,6451.59
10:52:37,6451.41
10:52:42,6451.59
10:52:47,6451.09
10:52:52,6451.69
10:52:57,6451.17
10:53:02,6451.12
10:53:06,6451.12
10:53:07,6451.11
10:53:12,6450.61
10:53:17,6450.96
10:53:22,6451.49
10:53:27,6451.45
10:53:32,6450.99
10:53:37,6451.52
10:53:42,6451.4
10:53:47,6451.68
10:53:52,6450.92
10:53:57,6450.6
10:54:02,6449.34
10:54:06,6449.34
10:54:07,6448.31
10:54:12,6447.15
10:54:17,6446.51
10:54:22,6446.91
10:54:27,6447.06
10:54:32,6447.08
10:54:37,6446.98
10:54:42,6446.44
10:54:47,6446.53
10:54:52,6446.57
10:54:57,6446.04
10:55:02,6446.31
10:55:06,6446.31
10:55:07,6446.19
10:55:12,6446.93
10:55:17,6447.35
10:55:22,6447.8
10:55:27,6447.73
10:55:32,6448.17
10:55:37,6448.45
10:55:42,6448.56
10:55:47,6448.52
10:55:52,6448.87
10:55:57,6448.81
10:56:02,6448.77
10:56:06,6448.77
10:56:07,6448.59
10:56:12,6448.27
10:56:17,6447.33
10:56:22,6446.66
10:56:27,6446.26
10:56:32,6444.99
10:56:37,6443.74
10:56:42,6443.18
10:56:47,6442.71
10:56:52,6442.05
10:56:57,6442
10:57:02,6441.43
10:57:06,6441.43
10:57:07,6441.15
10:57:12,6440.83
10:57:17,6440.12
10:57:22,6439.97
10:57:27,6439.66
10:57:32,6439.91
10:57:37,6439.76
10:57:42,6439.97
10:57:47,6439.73
10:57:52,6439.97
10:57:57,6439.73
10:58:02,6439.47
10:58:05,6439.47
10:58:07,6439.14
10:58:12,6438.96
10:58:17,6438.41
10:58:22,6436.81
10:58:27,6436.08
10:58:32,6436.28
10:58:37,6436.25
10:58:42,6436.68
10:58:47,6436.71
10:58:52,6436.92
10:58:57,6436.58
10:59:02,6437.38
10:59:04,6437.38
10:59:07,6437.38
10:59:12,6437.38
10:59:17,6438.12
10:59:22,6438.75
10:59:27,6438.52
10:59:32,6438.92
10:59:37,6439.32
10:59:42,6439.88
10:59:47,6439.46
10:59:52,6439.72
10:59:57,6439.24
11:00:02,6439.76
11:00:04,6439.76
11:00:07,6440.22
11:00:12,6440.38
11:00:17,6441.93
11:00:22,6442.17
11:00:27,6442.75
11:00:32,6442.89
11:00:37,6442.52
11:00:42,6443.05
11:00:47,6443.42
11:00:52,6443.63
11:00:57,6443.03
11:01:02,6441.77
11:01:06,6441.77
11:01:07,6439.91
11:01:12,6436.94
11:01:17,6435.35
11:01:22,6434.55
11:01:27,6434.04
11:01:32,6434.38
11:01:37,6434.21
11:01:42,6434.74
11:01:47,6434
11:01:52,6433.57
11:01:57,6433.42
11:02:02,6432.63
11:02:06,6432.63
11:02:07,6431.94
11:02:12,6432.54
11:02:17,6431.97
11:02:22,6432.38
11:02:27,6433.22
11:02:32,6433.67
11:02:37,6433.51
11:02:42,6433.81
11:02:47,6433.25
11:02:52,6433.83
11:02:57,6434.12
11:03:02,6433.73
11:03:06,6433.73
11:03:07,6434.08
11:03:12,6433.54
11:03:17,6432.98
11:03:22,6433.4
11:03:27,6433.33
11:03:32,6433.75
11:03:37,6433.68
11:03:42,6433.87
11:03:47,6434.03
11:03:52,6433.96
11:03:57,6434.18
11:04:02,6434.26
11:04:06,6434.26
11:04:07,6433.47
11:04:12,6432.64
11:04:17,6431.45
11:04:22,6430.82
11:04:27,6430.27
11:04:32,6430.05
11:04:37,6429.52
11:04:42,6429.53
11:04:47,6429.7
11:04:52,6429.06
11:04:57,6428.84
11:05:02,6428.7
11:05:06,6428.7
11:05:07,6428.15
11:05:12,6428.56
11:05:17,6428.07
11:05:22,6428.04
11:05:27,6428.99
11:05:32,6428.76
11:05:37,6428.42
11:05:42,6428.35
11:05:47,6423.44
11:05:52,6423
11:05:57,6421.68
11:06:02,6419.73
11:06:06,6419.73
11:06:07,6417.53
11:06:12,6416.18
11:06:17,6416.51
11:06:22,6415.58
11:06:27,6415.79
11:06:32,6416.22
11:06:37,6415.98
11:06:42,6416.23
11:06:47,6415.88
11:06:52,6415.85
11:06:57,6416.27
11:07:02,6416.14
11:07:06,6416.14
11:07:07,6415.95
11:07:12,6416.43
11:07:17,6417.84
11:07:22,6417.27
11:07:27,6417.59
11:07:32,6418.73
11:07:37,6419.01
11:07:42,6419.49
11:07:47,6419.66
11:07:52,6419.79
11:07:57,6419.95
11:08:02,6418.89
11:08:06,6418.89
11:08:07,6418.87
11:08:12,6418.54
11:08:17,6418.78
11:08:22,6418.6
11:08:27,6419.18
11:08:32,6419.8
11:08:37,6419.99
11:08:42,6420.08
11:08:47,6420.06
11:08:52,6420.18
11:08:57,6419.51
11:09:02,6421.1
11:09:06,6421.1
11:09:07,6421.37
11:09:12,6420.66
11:09:17,6420.75
11:09:22,6420.43
11:09:27,6420.34
11:09:32,6419.97
11:09:37,6420.13
11:09:42,6420.2
11:09:47,6420.42
11:09:52,6420.74
11:09:57,6420.47
11:10:02,6420.59
11:10:06,6420.59
11:10:07,6420.36
11:10:12,6419.72
11:10:17,6419.74
11:10:22,6419.38
11:10:27,6416.52
11:10:32,6417.37
11:10:37,6417.79
11:10:42,6417.53
11:10:47,6417.27
11:10:52,6417.46
11:10:57,6416.76
11:11:02,6417.05
11:11:06,6417.05
11:11:07,6417.23
11:11:12,6417.81
11:11:17,6418.55
11:11:22,6420.05
11:11:27,6420.61
11:11:32,6421.79
11:11:37,6421.31
11:11:42,6421.85
11:11:47,6422.25
11:11:52,6422.86
11:11:57,6423.28
11:12:02,6423.89
11:12:06,6423.89
11:12:07,6424.59
11:12:12,6425.13
11:12:17,6425.03
11:12:22,6425.22
11:12:27,6425.5
11:12:32,6426.42
11:12:37,6426.04
11:12:42,6426.57
11:12:47,6427.02
11:12:52,6427.73
11:12:57,6428.48
11:13:02,6428.92
11:13:06,6428.92
11:13:07,6428.95
11:13:12,6428.57
11:13:17,6429.69
11:13:22,6430.18
11:13:27,6430.74
11:13:32,6431.98
11:13:37,6432.72
11:13:42,6433.95
11:13:47,6434.64
11:13:52,6434.83
11:13:57,6435.08
11:14:02,6435.71
11:14:06,6435.71
11:14:07,6435.75
11:14:12,6435.36
11:14:17,6434.32
11:14:22,6433.57
11:14:27,6433.41
11:14:32,6433.34
11:14:37,6433.39
11:14:42,6433.14
11:14:47,6433.74
11:14:52,6433.48
11:14:57,6433.96
11:15:02,6434.01
11:15:06,6434.01
11:15:07,6433.42
11:15:12,6432.56
11:15:17,6432.38
11:15:22,6432.07
11:15:27,6431.31
11:15:32,6430.24
11:15:37,6430.07
11:15:42,6429.22
11:15:47,6429.05
11:15:52,6429.58
11:15:57,6429.96
11:16:02,6430.35
11:16:06,6430.35
11:16:07,6430.83
11:16:12,6430.7
11:16:17,6431.59
11:16:22,6431.59
11:16:27,6432.33
11:16:32,6433.04
11:16:37,6433.42
11:16:42,6433.9
11:16:47,6434.43
11:16:52,6434.65
11:16:57,6434.09
11:17:02,6433.19
11:17:06,6433.19
11:17:07,6432.66
11:17:12,6432.1
11:17:17,6431.74
11:17:22,6431.89
11:17:27,6431.48
11:17:32,6431.08
11:17:37,6431.43
11:17:42,6430.33
11:17:47,6427.27
11:17:52,6426.91
11:17:57,6427.08
11:18:02,6427.48
11:18:06,6427.48
11:18:07,6427.89
11:18:12,6428.16
11:18:17,6428.24
11:18:22,6427.79
11:18:27,6428.26
11:18:32,6427.67
11:18:37,6428.17
11:18:42,6428.19
11:18:47,6428.16
11:18:52,6428.12
11:18:57,6428.59
11:19:02,6429.01
11:19:06,6429.01
11:19:07,6429.1
11:19:12,6429.45
11:19:17,6429.53
11:19:22,6429.47
11:19:27,6429.88
11:19:32,6429.83
11:19:37,6429.74
11:19:42,6430.4
11:19:47,6430.14
11:19:52,6429.52
11:19:57,6429.89
11:20:02,6430.55
11:20:06,6430.55
11:20:07,6430.73
11:20:12,6431.3
11:20:17,6433.55
11:20:22,6433.65
11:20:27,6434.29
11:20:32,6433.65
11:20:37,6434.23
11:20:42,6434.97
11:20:47,6434.86
11:20:52,6434.6
11:20:57,6435.16
11:21:02,6435.14
11:21:05,6435.14
11:21:07,6435.33
11:21:12,6435.72
11:21:17,6436.6
11:21:22,6436.36
11:21:27,6436.64
11:21:32,6436.82
11:21:37,6437.22
11:21:42,6436.76
11:21:47,6438.2
11:21:52,6437.65
11:21:57,6437.55
11:22:02,6438.55
11:22:05,6438.55
11:22:07,6438.2
11:22:12,6438.34
11:22:17,6438.68
11:22:22,6439.23
11:22:27,6439.08
11:22:32,6439.66
11:22:37,6439.64
11:22:42,6439.82
11:22:47,6439.14
11:22:52,6439.44
11:22:57,6438.98
11:23:02,6439.31
11:23:05,6439.31
11:23:07,6439.26
11:23:12,6439.85
11:23:17,6440.08
11:23:22,6440.54
11:23:27,6441.51
11:23:32,6441.49
11:23:37,6441.03
11:23:42,6440.87
11:23:47,6441.32
11:23:52,6441.18
11:23:57,6441.92
11:24:02,6441.84
11:24:05,6441.84
11:24:07,6441.86
11:24:12,6441.31
11:24:17,6441.09
11:24:22,6440.98
11:24:27,6440.6
11:24:32,6440.1
11:24:37,6439.93
11:24:42,6438.9
11:24:47,6438.72
11:24:52,6439.15
11:24:57,6439.41
11:25:02,6439.7
11:25:05,6439.7
11:25:07,6440.02
11:25:12,6439.93
11:25:17,6439.95
11:25:22,6439.23
11:25:27,6438.59
11:25:32,6438.64
11:25:37,6437.61
11:25:42,6438.01
11:25:47,6437.72
11:25:52,6437.93
11:25:57,6438.09
11:26:02,6437.81
11:26:05,6437.81
11:26:07,6438.5
11:26:12,6438.08
11:26:17,6438.56
11:26:22,6438.73
11:26:27,6439.13
11:26:32,6439.94
11:26:37,6440.05
11:26:42,6439.65
11:26:47,6439.88
11:26:52,6439.83
11:26:57,6439.84
11:27:02,6439.83
11:27:05,6439.83
11:27:07,6439.43
11:27:12,6439.73
11:27:17,6439.85
11:27:22,6439.89
11:27:27,6439.66
11:27:32,6439.38
11:27:37,6439.48
11:27:42,6439.12
11:27:47,6438.96
11:27:52,6439.13
11:27:57,6439.59
11:28:02,6439.93
11:28:05,6439.93
11:28:07,6440.16
11:28:12,6440.65
11:28:17,6441.47
11:28:22,6441.5
11:28:27,6441.94
11:28:32,6441.67
11:28:37,6441.62
11:28:42,6441.14
11:28:47,6441.18
11:28:52,6441.46
11:28:57,6441.64
11:29:02,6442.17
11:29:05,6442.17
11:29:07,6441.65
11:29:12,6442.64
11:29:17,6442.68
11:29:22,6443.17
11:29:27,6443.08
11:29:32,6443.51
11:29:37,6444.09
11:29:42,6444.11
11:29:47,6444.56
11:29:52,6445.01
11:29:57,6444.97
13:00:02,6447.04
13:00:05,6447.04
13:00:07,6451.6
13:00:12,6454.12
13:00:17,6452.49
13:00:22,6450.28
13:00:27,6449.47
13:00:32,6447.86
13:00:37,6446.62
13:00:42,6445.38
13:00:47,6445.5
13:00:52,6445.64
13:00:57,6446.97
13:01:02,6449.11
13:01:05,6449.11
13:01:07,6450.96
13:01:12,6452.33
13:01:17,6451.16
13:01:22,6450.5
13:01:27,6449.62
13:01:32,6449.88
13:01:37,6450.47
13:01:42,6451
13:01:47,6451.38
13:01:52,6451.34
13:01:57,6451.3
13:02:02,6451.33
13:02:05,6451.33
13:02:07,6452.04
13:02:12,6452.87
13:02:17,6453.48
13:02:22,6453.66
13:02:27,6453.21
13:02:32,6454.29
13:02:37,6453.83
13:02:42,6454.1
13:02:47,6454.52
13:02:52,6454.33
13:02:57,6454.02
13:03:02,6455.01
13:03:05,6455.01
13:03:07,6455.29
13:03:12,6456.3
13:03:17,6457.12
13:03:22,6457.01
13:03:27,6456.87
13:03:32,6456.03
13:03:37,6455.42
13:03:42,6454.3
13:03:47,6452.88
13:03:52,6452.98
13:03:57,6453.55
13:04:02,6454.26
13:04:06,6454.26
13:04:07,6454.82
13:04:12,6455.37
13:04:17,6455.91
13:04:22,6456.29
13:04:27,6456.68
13:04:32,6455.52
13:04:37,6456.55
13:04:42,6457.99
13:04:47,6458.72
13:04:52,6459.07
13:04:57,6459.74
13:05:02,6459.94
13:05:05,6459.94
13:05:07,6460.02
13:05:12,6459.2
13:05:17,6458.07
13:05:22,6457.19
13:05:27,6456.5
13:05:32,6455.69
13:05:37,6455.48
13:05:42,6454.99
13:05:47,6454.51
13:05:52,6455.63
13:05:57,6455.42
13:06:02,6455.64
13:06:05,6455.64
13:06:07,6455.43
13:06:12,6455.52
13:06:17,6454.94
13:06:22,6454.41
13:06:27,6453.75
13:06:32,6453.12
13:06:37,6452.49
13:06:42,6451.91
13:06:47,6452.49
13:06:52,6452.44
13:06:57,6452.8
13:07:02,6453.41
13:07:06,6453.41
13:07:07,6453.74
13:07:12,6455.01
13:07:17,6455.01
13:07:22,6454.56
13:07:27,6454.25
13:07:32,6454.51
13:07:37,6454.25
13:07:42,6454.42
13:07:47,6454.76
13:07:52,6454.55
13:07:57,6454.13
13:08:02,6454.52
13:08:06,6454.52
13:08:07,6454.68
13:08:12,6455.26
13:08:17,6455.48
13:08:22,6455.32
13:08:27,6455.08
13:08:32,6455.38
13:08:37,6455.31
13:08:42,6455.54
13:08:47,6455.72
13:08:52,6455.98
13:08:57,6455.2
13:09:02,6454.1
13:09:06,6454.1
13:09:07,6453.13
13:09:12,6452.42
13:09:17,6451.47
13:09:22,6451.71
13:09:27,6451.32
13:09:32,6451.12
13:09:37,6451.95
13:09:42,6452.39
13:09:47,6453.37
13:09:52,6453.17
13:09:57,6453.5
13:10:02,6453.38
13:10:06,6453.38
13:10:07,6453.11
13:10:12,6454.11
13:10:17,6453.87
13:10:22,6453.96
13:10:27,6453.5
13:10:32,6454.02
13:10:37,6452.97
13:10:42,6451.56
13:10:47,6452.21
13:10:52,6451.51
13:10:57,6451.32
13:11:02,6451.5
13:11:06,6451.5
13:11:07,6452.05
13:11:12,6452.72
13:11:17,6453.78
13:11:22,6453.95
13:11:27,6453.99
13:11:32,6454.73
13:11:37,6454.45
13:11:42,6454.76
13:11:47,6454.72
13:11:52,6454.58
13:11:57,6454.75
13:12:02,6454.58
13:12:06,6454.58
13:12:07,6454.7
13:12:12,6454.52
13:12:17,6454.57
13:12:22,6454.71
13:12:27,6454.14
13:12:32,6454.06
13:12:37,6453.92
13:12:42,6453.62
13:12:47,6453.63
13:12:52,6453.3
13:12:57,6452.91
13:13:02,6453.32
13:13:06,6453.32
13:13:07,6453.07
13:13:12,6453.06
13:13:17,6451.77
13:13:22,6452.09
13:13:27,6452.2
13:13:32,6451
13:13:37,6451.26
13:13:42,6450.58
13:13:47,6448.31
13:13:52,6447.62
13:13:57,6445.64
13:14:02,6446.1
13:14:06,6446.1
13:14:07,6445.9
13:14:12,6445.22
13:14:17,6445.11
13:14:22,6445.02
13:14:27,6444.4
13:14:32,6444.39
13:14:37,6444.91
13:14:42,6445.33
13:14:47,6446.21
13:14:52,6445.65
13:14:57,6446.24
13:15:02,6446.23
13:15:06,6446.23
13:15:07,6445.94
13:15:12,6445.65
13:15:17,6446.39
13:15:22,6446.69
13:15:27,6446.57
13:15:32,6446.92
13:15:37,6447.15
13:15:42,6447.76
13:15:47,6448.37
13:15:52,6448.21
13:15:57,6448.96
13:16:02,6448.26
13:16:05,6448.26
13:16:07,6447.65
13:16:12,6446.3
13:16:17,6445.8
13:16:22,6445.18
13:16:27,6445.34
13:16:32,6446.33
13:16:37,6445.69
13:16:42,6445.97
13:16:47,6446.64
13:16:52,6446.49
13:16:57,6447.3
13:17:02,6446.71
13:17:05,6446.71
13:17:07,6446.5
13:17:12,6446.26
13:17:17,6446.72
13:17:22,6447.05
13:17:27,6447.83
13:17:32,6448.53
13:17:37,6448.39
13:17:42,6449.7
13:17:47,6449.73
13:17:52,6449.82
13:17:57,6449.78
13:18:02,6450.97
13:18:05,6450.97
13:18:07,6451.08
13:18:12,6451.71
13:18:17,6451.74
13:18:22,6451.85
13:18:27,6452.13
13:18:32,6452.99
13:18:37,6453.57
13:18:42,6454.43
13:18:47,6454.64
13:18:52,6455.55
13:18:57,6456.41
13:19:02,6457.14
13:19:05,6457.14
13:19:07,6456.92
13:19:12,6456.88
13:19:17,6456.88
13:19:22,6457.12
13:19:27,6457.04
13:19:32,6456.5
13:19:37,6456.34
13:19:42,6456.17
13:19:47,6455.28
13:19:52,6455.41
13:19:57,6454.95
13:20:02,6454.91
13:20:05,6454.91
13:20:07,6454.99
13:20:12,6455.67
13:20:17,6457.55
13:20:22,6458.16
13:20:27,6458.65
13:20:32,6458.62
13:20:37,6458.59
13:20:42,6458.85
13:20:47,6458.48
13:20:52,6458.8
13:20:57,6459.67
13:21:02,6457.42
13:21:05,6457.42
13:21:07,6457.49
13:21:12,6457.56
13:21:17,6456.61
13:21:22,6456.2
13:21:27,6455.38
13:21:32,6454.86
13:21:37,6455.29
13:21:42,6455.85
13:21:47,6455.64
13:21:52,6456.19
13:21:57,6455.85
13:22:02,6456.21
13:22:05,6456.21
13:22:07,6454.15
13:22:12,6452.93
13:22:17,6453.48
13:22:22,6453.1
13:22:27,6452.5
13:22:32,6453.25
13:22:37,6453.78
13:22:42,6454.24
13:22:47,6454.88
13:22:52,6455.14
13:22:57,6455.64
13:23:02,6455.66
13:23:05,6455.66
13:23:07,6455.4
13:23:12,6455.54
13:23:17,6454.71
13:23:22,6453.59
13:23:27,6451.73
13:23:32,6452.39
13:23:37,6452.52
13:23:42,6452.9
13:23:47,6453.39
13:23:52,6453.36
13:23:57,6453.76
13:24:02,6453.96
13:24:05,6453.96
13:24:07,6453.11
13:24:12,6449.53
13:24:17,6445.45
13:24:22,6443.26
13:24:27,6442.48
13:24:32,6443.2
13:24:37,6443.55
13:24:42,6443.88
13:24:47,6443.01
13:24:52,6442.38
13:24:57,6441.05
13:25:02,6439.2
13:25:05,6439.2
13:25:07,6439.99
13:25:12,6440.66
13:25:17,6441.89
13:25:22,6442.94
13:25:27,6443.3
13:25:32,6444.25
13:25:37,6444.45
13:25:42,6445.45
13:25:47,6445.35
13:25:52,6445.79
13:25:57,6445.46
13:26:02,6445.38
13:26:05,6445.38
13:26:07,6445.38
13:26:12,6445.08
13:26:17,6444.72
13:26:22,6443.74
13:26:27,6444.71
13:26:32,6445.26
13:26:37,6445.25
13:26:42,6445.63
13:26:47,6445.76
13:26:52,6445.57
13:26:57,6445.33
13:27:02,6443.7
13:27:05,6443.7
13:27:07,6443.59
13:27:12,6443.8
13:27:17,6443.74
13:27:22,6443.75
13:27:27,6443.94
13:27:32,6444.23
13:27:37,6444.73
13:27:42,6444.83
13:27:47,6445.28
13:27:52,6445.37
13:27:57,6445.91
13:28:02,6445.87
13:28:05,6445.87
13:28:07,6445.63
13:28:12,6445.44
13:28:17,6445.52
13:28:22,6445.85
13:28:27,6445.36
13:28:32,6445.46
13:28:37,6445.96
13:28:42,6446.33
13:28:47,6443.84
13:28:52,6444.84
13:28:57,6445.81
13:29:02,6445.62
13:29:05,6445.62
13:29:07,6445.16
13:29:12,6443.98
13:29:17,6444.46
13:29:22,6444.8
13:29:27,6445.73
13:29:32,6445.07
13:29:37,6444.9
13:29:42,6444.8
13:29:47,6445.36
13:29:52,6445.51
13:29:57,6446.43
13:30:02,6445.79
13:30:05,6445.79
13:30:07,6445.69
13:30:12,6445.61
13:30:17,6443.53
13:30:22,6443.39
13:30:27,6444.28
13:30:32,6444.38
13:30:37,6444.64
13:30:42,6444.8
13:30:47,6445.11
13:30:52,6445.54
13:30:57,6447.56
13:31:02,6447.37
13:31:05,6447.37
13:31:07,6447.44
13:31:12,6447.91
13:31:17,6448.6
13:31:22,6448.86
13:31:27,6449.18
13:31:32,6448.9
13:31:37,6448.8
13:31:42,6449.02
13:31:47,6449.11
13:31:52,6449.64
13:31:57,6449.65
13:32:02,6449.88
13:32:05,6449.88
13:32:07,6450.12
13:32:12,6449.52
13:32:17,6449.44
13:32:22,6449.51
13:32:27,6450.04
13:32:32,6450.29
13:32:37,6451.03
13:32:42,6450.96
13:32:47,6451.83
13:32:52,6451.89
13:32:57,6452.33
13:33:02,6453.35
13:33:06,6453.35
13:33:07,6453.03
13:33:12,6452.85
13:33:17,6452.19
13:33:22,6452.57
13:33:27,6452.72
13:33:32,6451.98
13:33:37,6452.31
13:33:42,6451.9
13:33:47,6451
13:33:52,6450.29
13:33:57,6450.5
13:34:02,6450.78
13:34:05,6450.78
13:34:07,6450.7
13:34:12,6451.14
13:34:17,6451.33
13:34:22,6451.49
13:34:27,6451.85
13:34:32,6451.18
13:34:37,6451.32
13:34:42,6451.86
13:34:47,6452.46
13:34:52,6452.76
13:34:57,6452.91
13:35:02,6453.46
13:35:05,6453.46
13:35:07,6452.67
13:35:12,6451.44
13:35:17,6447.28
13:35:22,6445.66
13:35:27,6443.23
13:35:32,6445.26
13:35:37,6445.02
13:35:42,6446.09
13:35:47,6447.13
13:35:52,6447.31
13:35:57,6447.78
13:36:02,6448.08
13:36:05,6448.08
13:36:07,6448.04
13:36:12,6448.48
13:36:17,6448.81
13:36:22,6448.79
13:36:27,6449.51
13:36:32,6449.55
13:36:37,6449.2
13:36:42,6449.11
13:36:47,6449.38
13:36:52,6449.7
13:36:57,6449.96
13:37:02,6450.6
13:37:05,6450.6
13:37:07,6450.49
13:37:12,6450.04
13:37:17,6450.01
13:37:22,6449.86
13:37:27,6449.14
13:37:32,6449.62
13:37:37,6449.54
13:37:42,6449.54
13:37:47,6450.09
13:37:52,6449.73
13:37:57,6449.56
13:38:02,6448.55
13:38:05,6448.55
13:38:07,6448.39
13:38:12,6448.07
13:38:17,6446.95
13:38:22,6446.25
13:38:27,6447.54
13:38:32,6448.05
13:38:37,6448.12
13:38:42,6449.13
13:38:47,6448.95
13:38:52,6448.64
13:38:57,6449.04
13:39:02,6449.1
13:39:05,6449.1
13:39:07,6449.22
13:39:12,6449.92
13:39:17,6450.24
13:39:22,6450.16
13:39:27,6450.85
13:39:32,6451.2
13:39:37,6451.38
13:39:42,6451.41
13:39:47,6451.54
13:39:52,6451.65
13:39:57,6452.18
13:40:02,6452.2
13:40:05,6452.2
13:40:07,6452.2
13:40:12,6452.47
13:40:17,6452.35
13:40:22,6452.28
13:40:27,6452.9
13:40:32,6453.24
13:40:37,6453.54
13:40:42,6454.22
13:40:47,6455.11
13:40:52,6455.37
13:40:57,6455.97
13:41:02,6455.81
13:41:05,6455.81
13:41:07,6455.6
13:41:12,6455.19
13:41:17,6454.49
13:41:22,6453.36
13:41:27,6452.45
13:41:32,6451.95
13:41:37,6452.31
13:41:42,6452.72
13:41:47,6453.5
13:41:52,6453.38
13:41:57,6454.06
13:42:02,6454.23
13:42:05,6454.23
13:42:07,6453.96
13:42:12,6454.17
13:42:17,6454.4
13:42:22,6454.25
13:42:27,6453.57
13:42:32,6454.52
13:42:37,6454.87
13:42:42,6454.95
13:42:47,6454.92
13:42:52,6455.4
13:42:57,6456.15
13:43:02,6456.35
13:43:06,6456.35
13:43:07,6456.6
13:43:12,6456.76
13:43:17,6456.75
13:43:22,6457.18
13:43:27,6457.5
13:43:32,6458.04
13:43:37,6458.6
13:43:42,6460.05
13:43:47,6459.77
13:43:52,6459.83
13:43:57,6460.48
13:44:02,6460.75
13:44:06,6460.75
13:44:07,6460.89
13:44:12,6461.1
13:44:17,6460.77
13:44:22,6460.97
13:44:27,6460.48
13:44:32,6459.82
13:44:37,6459.77
13:44:42,6460.01
13:44:47,6460.06
13:44:52,6460.06
13:44:57,6460.24
13:45:02,6460.29
13:45:06,6460.29
13:45:07,6460.02
13:45:12,6461.02
13:45:17,6461.17
13:45:22,6461.29
13:45:27,6462.25
13:45:32,6462
13:45:37,6461.58
13:45:42,6461.8
13:45:47,6462.11
13:45:52,6462.75
13:45:57,6462.52
13:46:02,6463.13
13:46:06,6463.13
13:46:07,6462.92
13:46:12,6462.44
13:46:17,6460.46
13:46:22,6460.49
13:46:27,6460.3
13:46:32,6461.07
13:46:37,6461.25
13:46:42,6461.74
13:46:47,6461.59
13:46:52,6461.97
13:46:57,6462.16
13:47:02,6462.07
13:47:06,6462.07
13:47:07,6461.89
13:47:12,6461.7
13:47:17,6461.84
13:47:22,6461.48
13:47:27,6461.98
13:47:32,6462.67
13:47:37,6462.84
13:47:42,6463.23
13:47:47,6463.16
13:47:52,6463.17
13:47:57,6462.97
13:48:02,6462.85
13:48:06,6462.85
13:48:07,6462.54
13:48:12,6462.79
13:48:17,6462.14
13:48:22,6462.3
13:48:27,6462.8
13:48:32,6463.54
13:48:37,6463.56
13:48:42,6463.64
13:48:47,6462.63
13:48:52,6462.98
13:48:57,6462.89
13:49:02,6463.63
13:49:06,6463.63
13:49:07,6463.27
13:49:12,6461.59
13:49:17,6460.26
13:49:22,6460.5
13:49:27,6460.15
13:49:32,6460.44
13:49:37,6460.37
13:49:42,6461.15
13:49:47,6461.29
13:49:52,6461.13
13:49:57,6461.27
13:50:02,6461.37
13:50:06,6461.37
13:50:07,6461.53
13:50:12,6462.27
13:50:17,6462.75
13:50:22,6463.29
13:50:27,6462.99
13:50:32,6463.52
13:50:37,6463.5
13:50:42,6462.51
13:50:47,6462.96
13:50:52,6462.93
13:50:57,6463.54
13:51:02,6463.9
13:51:06,6463.9
13:51:07,6463.62
13:51:12,6462.98
13:51:17,6461.28
13:51:22,6460.75
13:51:27,6460.62
13:51:32,6461.37
13:51:37,6461.09
13:51:42,6461.72
13:51:47,6462.45
13:51:52,6462.85
13:51:57,6463.26
13:52:02,6463.3
13:52:06,6463.3
13:52:07,6463.5
13:52:12,6464.14
13:52:17,6464.98
13:52:22,6464.95
13:52:27,6466.42
13:52:32,6466.3
13:52:37,6466.52
13:52:42,6466.48
13:52:47,6467.17
13:52:52,6467.31
13:52:57,6467.91
13:53:02,6467.83
13:53:06,6467.83
13:53:07,6467.72
13:53:12,6468.07
13:53:17,6466.33
13:53:22,6467.09
13:53:27,6466.75
13:53:32,6467.16
13:53:37,6466.97
13:53:42,6467.37
13:53:47,6467.97
13:53:52,6468.31
13:53:57,6468.56
13:54:02,6468.98
13:54:05,6468.98
13:54:07,6469.32
13:54:12,6469.51
13:54:17,6469.12
13:54:22,6469.17
13:54:27,6469.12
13:54:32,6469.07
13:54:37,6468.6
13:54:42,6466.54
13:54:47,6465.58
13:54:52,6466.03
13:54:57,6466.25
13:55:02,6465.53
13:55:05,6465.53
13:55:07,6465.96
13:55:12,6466.37
13:55:17,6467.31
13:55:22,6467.03
13:55:27,6467.5
13:55:32,6467.51
13:55:37,6467.8
13:55:42,6468.42
13:55:47,6468.57
13:55:52,6467.81
13:55:57,6467.98
13:56:02,6467.14
13:56:05,6467.14
13:56:07,6467.28
13:56:12,6468.05
13:56:17,6468.31
13:56:22,6467.87
13:56:27,6467.81
13:56:32,6466.93
13:56:37,6466.69
13:56:42,6466.36
13:56:47,6465.89
13:56:52,6463.55
13:56:57,6462.84
13:57:02,6462.33
13:57:05,6462.33
13:57:07,6462.51
13:57:12,6462.51
13:57:17,6463.04
13:57:22,6463.68
13:57:27,6463.61
13:57:32,6463.52
13:57:37,6463.68
13:57:42,6463.41
13:57:47,6463.91
13:57:52,6463.96
13:57:57,6463.93
13:58:02,6464.09
13:58:05,6464.09
13:58:07,6464.01
13:58:12,6463.35
13:58:17,6463.16
13:58:22,6463.14
13:58:27,6463.8
13:58:32,6463.61
13:58:37,6461.95
13:58:42,6462.19
13:58:47,6461.49
13:58:52,6462.32
13:58:57,6461.4
13:59:02,6462.37
13:59:05,6462.37
13:59:07,6462.49
13:59:12,6462.79
13:59:17,6463.04
13:59:22,6462.01
13:59:27,6463.32
13:59:32,6463.31
13:59:37,6463.87
13:59:42,6464.08
13:59:47,6464.55
13:59:52,6464.07
13:59:57,6464.1
14:00:02,6462.08
14:00:05,6462.08
14:00:07,6462.06
14:00:12,6462.31
14:00:17,6461.7
14:00:22,6461.74
14:00:27,6460.99
14:00:32,6460.91
14:00:37,6461.37
14:00:42,6462.01
14:00:47,6462.72
14:00:52,6463.08
14:00:57,6463.71
14:01:02,6463.98
14:01:05,6463.98
14:01:07,6464.07
14:01:12,6463.89
14:01:17,6462.77
14:01:22,6461.51
14:01:27,6459.2
14:01:32,6457.54
14:01:37,6456.62
14:01:42,6456.58
14:01:47,6457.32
14:01:52,6457.96
14:01:57,6458.65
14:02:02,6459.23
14:02:06,6459.23
14:02:07,6459.73
14:02:12,6459.3
14:02:17,6460.51
14:02:22,6460.2
14:02:27,6459.59
14:02:32,6459.47
14:02:37,6459.92
14:02:42,6460.26
14:02:47,6460.53
14:02:52,6460.64
14:02:57,6460.71
14:03:02,6460.59
14:03:06,6460.59
14:03:07,6460.45
14:03:12,6460.54
14:03:17,6460.13
14:03:22,6459.79
14:03:27,6457.89
14:03:32,6458.58
14:03:37,6459.13
14:03:42,6460.2
14:03:47,6460.38
14:03:52,6460.72
14:03:57,6460.52
14:04:02,6460.74
14:04:06,6460.74
14:04:07,6460.66
14:04:12,6461.35
14:04:17,6461.89
14:04:22,6462.8
14:04:27,6463.37
14:04:32,6464.41
14:04:37,6464.33
14:04:42,6464.19
14:04:47,6463.66
14:04:52,6464.25
14:04:57,6464.72
14:05:02,6464.48
14:05:06,6464.48
14:05:07,6464.4
14:05:12,6464.94
14:05:17,6465.21
14:05:22,6465.79
14:05:27,6466
14:05:32,6466.53
14:05:37,6466.18
14:05:42,6466.2
14:05:47,6466.31
14:05:52,6466.28
14:05:57,6466.58
14:06:02,6467.03
14:06:06,6467.03
14:06:07,6466.7
14:06:12,6465.71
14:06:17,6466.26
14:06:22,6467.12
14:06:27,6467.14
14:06:32,6467.68
14:06:37,6467.47
14:06:42,6467.52
14:06:47,6467.34
14:06:52,6468.01
14:06:57,6468.5
14:07:02,6468.72
14:07:07,6468.68
14:07:12,6467.14
14:07:17,6465.59
14:07:22,6463.52
14:07:27,6462.32
14:07:32,6462.12
14:07:37,6461.48
14:07:42,6462.52
14:07:47,6462.29
14:07:52,6461.52
14:07:57,6460.65
14:08:02,6460.23
14:08:06,6460.23
14:08:07,6460.53
14:08:12,6460.29
14:08:17,6460.48
14:08:22,6461.86
14:08:27,6462.95
14:08:32,6463.94
14:08:37,6464.53
14:08:42,6464.36
14:08:47,6464.83
14:08:52,6465.31
14:08:57,6465.78
14:09:02,6465.95
14:09:06,6465.95
14:09:07,6466.06
14:09:12,6466.51
14:09:17,6466.12
14:09:22,6466.78
14:09:27,6466.57
14:09:32,6466.9
14:09:37,6467.28
14:09:42,6466.95
14:09:47,6467.08
14:09:52,6467.27
14:09:57,6467.5
14:10:02,6468.09
14:10:06,6468.09
14:10:07,6467.57
14:10:12,6468.24
14:10:17,6469.09
14:10:22,6469.96
14:10:27,6469.78
14:10:32,6469.57
14:10:37,6469.29
14:10:42,6469.72
14:10:47,6469.69
14:10:52,6469.44
14:10:57,6469.44
14:11:02,6469
14:11:05,6469
14:11:07,6468.88
14:11:12,6468.9
14:11:17,6469.19
14:11:22,6467.78
14:11:27,6467.85
14:11:32,6467.49
14:11:37,6467.93
14:11:42,6468.76
14:11:47,6468.77
14:11:52,6468.62
14:11:57,6469.22
14:12:02,6468.93
14:12:05,6468.93
14:12:07,6469.35
14:12:12,6469.54
14:12:17,6469.24
14:12:22,6469.5
14:12:27,6469.59
14:12:32,6469.13
14:12:37,6468.55
14:12:42,6468
14:12:47,6467.62
14:12:52,6466.67
14:12:57,6466.75
14:13:02,6466.23
14:13:05,6466.23
14:13:07,6466.47
14:13:12,6466.77
14:13:17,6466.85
14:13:22,6467.34
14:13:27,6467.84
14:13:32,6468.49
14:13:37,6468.97
14:13:42,6469.27
14:13:47,6469.61
14:13:52,6469.87
14:13:57,6470.03
14:14:02,6470.14
14:14:05,6470.14
14:14:07,6470.37
14:14:12,6469.52
14:14:17,6468.19
14:14:22,6467.75
14:14:27,6467.67
14:14:32,6468.51
14:14:37,6468.98
14:14:42,6470.12
14:14:47,6470.97
14:14:52,6471.4
14:14:57,6471.67
14:15:02,6471.22
14:15:05,6471.22
14:15:07,6470.52
14:15:12,6470.68
14:15:17,6470.3
14:15:22,6470.09
14:15:27,6470.49
14:15:32,6470.31
14:15:37,6470.07
14:15:42,6470.69
14:15:47,6470.45
14:15:52,6470.71
14:15:57,6469.98
14:16:02,6469.08
14:16:05,6469.08
14:16:07,6469.26
14:16:12,6468.9
14:16:17,6467.72
14:16:22,6467.91
14:16:27,6468.27
14:16:32,6468.16
14:16:37,6467.66
14:16:42,6467.97
14:16:47,6467.67
14:16:52,6468.4
14:16:57,6468.78
14:17:02,6468.21
14:17:05,6468.21
14:17:07,6468.34
14:17:12,6468.59
14:17:17,6468.94
14:17:22,6469.57
14:17:27,6469.98
14:17:32,6469.82
14:17:37,6470.11
14:17:42,6470.19
14:17:47,6470.33
14:17:52,6470.26
14:17:57,6470.78
14:18:02,6471.05
14:18:05,6471.05
14:18:07,6471.25
14:18:12,6469.56
14:18:17,6467.59
14:18:22,6465.9
14:18:27,6465.26
14:18:32,6465.28
14:18:37,6465.74
14:18:42,6465.76
14:18:47,6465.52
14:18:52,6465.69
14:18:57,6464.71
14:19:02,6464.56
14:19:05,6464.56
14:19:07,6464.83
14:19:12,6464.88
14:19:17,6464.5
14:19:22,6464.34
14:19:27,6465.06
14:19:32,6465.16
14:19:37,6464.49
14:19:42,6464.54
14:19:47,6464.21
14:19:52,6464.47
14:19:57,6465.05
14:20:02,6464.67
14:20:05,6464.67
14:20:07,6464.88
14:20:12,6464.25
14:20:17,6464.18
14:20:22,6463.54
14:20:27,6464.16
14:20:32,6464.85
14:20:37,6465.56
14:20:42,6466.53
14:20:47,6467.22
14:20:52,6467.23
14:20:57,6467.64
14:21:02,6468.07
14:21:05,6468.07
14:21:07,6468.61
14:21:12,6469.37
14:21:17,6469.25
14:21:22,6469.34
14:21:27,6469.93
14:21:32,6469.04
14:21:37,6469.41
14:21:42,6469.69
14:21:47,6469.91
14:21:52,6469.81
14:21:57,6469.99
14:22:02,6470.41
14:22:05,6470.41
14:22:07,6470.49
14:22:12,6470.83
14:22:17,6470.45
14:22:22,6470.49
14:22:27,6469.85
14:22:32,6468.18
14:22:37,6468.48
14:22:42,6468.58
14:22:47,6468.82
14:22:52,6468.89
14:22:57,6469.11
14:23:02,6469.69
14:23:05,6469.69
14:23:07,6469.54
14:23:12,6469.36
14:23:17,6469.51
14:23:22,6469.45
14:23:27,6470.1
14:23:32,6470.37
14:23:37,6470.6
14:23:42,6470.81
14:23:47,6471.01
14:23:52,6471.24
14:23:57,6471.84
14:24:02,6471.76
14:24:05,6471.76
14:24:07,6471.75
14:24:12,6472.4
14:24:17,6472.73
14:24:22,6472.85
14:24:27,6473.71
14:24:32,6473.7
14:24:37,6473.67
14:24:42,6473.86
14:24:47,6474.17
14:24:52,6474
14:24:57,6474.57
14:25:02,6474.81
14:25:05,6474.81
14:25:07,6474.74
14:25:12,6474.67
14:25:17,6475.42
14:25:22,6474.88
14:25:27,6474.63
14:25:32,6474.42
14:25:37,6474.99
14:25:42,6475.17
14:25:47,6474.9
14:25:52,6475.61
14:25:57,6475.84
14:26:02,6476.3
14:26:05,6476.3
14:26:07,6476.5
14:26:12,6476.01
14:26:17,6476.62
14:26:22,6476.25
14:26:27,6474.76
14:26:32,6474.31
14:26:37,6474.54
14:26:42,6474.56
14:26:47,6474.24
14:26:52,6474.18
14:26:57,6474.61
14:27:02,6474.53
14:27:05,6474.53
14:27:07,6473.95
14:27:12,6473.86
14:27:17,6474.82
14:27:22,6474.39
14:27:27,6474.6
14:27:32,6474.89
14:27:37,6475.04
14:27:42,6475.06
14:27:47,6475.5
14:27:52,6475.55
14:27:57,6475.23
14:28:02,6475.34
14:28:05,6475.34
14:28:07,6475.08
14:28:12,6471.92
14:28:17,6470.41
14:28:22,6470.05
14:28:27,6470.38
14:28:32,6470.47
14:28:37,6470.66
14:28:42,6470.66
14:28:47,6470.38
14:28:52,6470.41
14:28:57,6470.35
14:29:02,6469.64
14:29:05,6469.64
14:29:07,6470.4
14:29:12,6469.97
14:29:17,6470.54
14:29:22,6471.06
14:29:27,6471.72
14:29:32,6471.67
14:29:37,6471.95
14:29:42,6472.27
14:29:47,6472.24
14:29:52,6472.64
14:29:57,6472.46
14:30:02,6472.64
14:30:05,6472.64
14:30:07,6473.07
14:30:12,6473.77
14:30:17,6474.13
14:30:22,6473.76
14:30:27,6473.38
14:30:32,6472.08
14:30:37,6471.64
14:30:42,6470.88
14:30:47,6471.41
14:30:52,6470.61
14:30:57,6471.81
14:31:02,6471.66
14:31:05,6471.66
14:31:07,6472.51
14:31:12,6472.54
14:31:17,6472.61
14:31:22,6472.9
14:31:27,6473.59
14:31:32,6473.94
14:31:37,6473.8
14:31:42,6473.89
14:31:47,6474.25
14:31:52,6474.29
14:31:57,6474.34
14:32:02,6474.01
14:32:05,6474.01
14:32:07,6473.64
14:32:12,6472.44
14:32:17,6470.56
14:32:22,6469.44
14:32:27,6468.48
14:32:32,6468.37
14:32:37,6467.74
14:32:42,6468.44
14:32:47,6468.68
14:32:52,6469.08
14:32:57,6469.7
14:33:02,6470.27
14:33:05,6470.27
14:33:07,6470.49
14:33:12,6470.57
14:33:17,6470.71
14:33:22,6471.44
14:33:27,6471.84
14:33:32,6471.56
14:33:37,6471.6
14:33:42,6472.25
14:33:47,6471.79
14:33:52,6472.09
14:33:57,6472.73
14:34:02,6471.61
14:34:05,6471.61
14:34:07,6471.72
14:34:12,6471.86
14:34:17,6472.64
14:34:22,6473.07
14:34:27,6473.59
14:34:32,6473.78
14:34:37,6474.46
14:34:42,6472.67
14:34:47,6472.1
14:34:52,6471.82
14:34:57,6472.45
14:35:02,6473.25
14:35:05,6473.25
14:35:07,6473.04
14:35:12,6473.35
14:35:17,6472.88
14:35:22,6473.12
14:35:27,6473.55
14:35:32,6473.24
14:35:37,6472.9
14:35:42,6472.22
14:35:47,6473.26
14:35:52,6473.35
14:35:57,6472.92
14:36:02,6473.39
14:36:05,6473.39
14:36:07,6473.35
14:36:12,6474.04
14:36:17,6474.72
14:36:22,6475.03
14:36:27,6474.62
14:36:32,6474.53
14:36:37,6474.42
14:36:42,6475.69
14:36:47,6474.46
14:36:52,6475.45
14:36:57,6476.17
14:37:02,6476.24
14:37:05,6476.24
14:37:07,6476.67
14:37:12,6475.13
14:37:17,6473.26
14:37:22,6473.65
14:37:27,6474.36
14:37:32,6474.58
14:37:37,6475.18
14:37:42,6476.09
14:37:47,6476.01
14:37:52,6476.22
14:37:57,6476.8
14:38:02,6476.9
14:38:05,6476.9
14:38:07,6477.73
14:38:12,6477.73
14:38:17,6477.83
14:38:22,6476.25
14:38:27,6475.27
14:38:32,6474.64
14:38:37,6474.86
14:38:42,6475.17
14:38:47,6475.34
14:38:52,6476.52
14:38:57,6476.55
14:39:02,6476.56
14:39:05,6476.56
14:39:07,6476.14
14:39:12,6477.12
14:39:17,6477.12
14:39:22,6476.87
14:39:27,6477.03
14:39:32,6476.79
14:39:37,6476.71
14:39:42,6477.04
14:39:47,6477.58
14:39:52,6477.27
14:39:57,6477.19
14:40:02,6478.11
14:40:05,6478.11
14:40:07,6477.57
14:40:12,6477.53
14:40:17,6478.61
14:40:22,6478.32
14:40:27,6475.41
14:40:32,6475.42
14:40:37,6476.54
14:40:42,6477.53
14:40:47,6477.98
14:40:52,6477.63
14:40:57,6476.86
14:41:02,6477.12
14:41:07,6476.85
14:41:12,6476.25
14:41:17,6476.82
14:41:22,6477.66
14:41:27,6478.27
14:41:32,6478.86
14:41:37,6478.95
14:41:42,6479.51
14:41:47,6479.68
14:41:52,6480
14:41:57,6481.06
14:42:02,6481.08
14:42:05,6481.08
14:42:07,6480.9
14:42:12,6478.38
14:42:17,6478.68
14:42:22,6478.83
14:42:27,6478.51
14:42:32,6479.41
14:42:37,6479.67
14:42:42,6479.02
14:42:47,6478.31
14:42:52,6478.65
14:42:57,6478.8
14:43:02,6478.62
14:43:05,6478.62
14:43:07,6478.18
14:43:12,6479.25
14:43:17,6478.39
14:43:22,6477.76
14:43:27,6476.99
14:43:32,6477.25
14:43:37,6477.21
14:43:42,6477.45
14:43:47,6477.61
14:43:52,6478.22
14:43:57,6477.92
14:44:02,6477.14
14:44:05,6477.14
14:44:07,6477.78
14:44:12,6477.95
14:44:17,6478.61
14:44:22,6478.83
14:44:27,6479.08
14:44:32,6479.05
14:44:37,6477.42
14:44:42,6479.51
14:44:47,6479.75
14:44:52,6479.95
14:44:57,6479.13
14:45:02,6478.23
14:45:05,6478.23
14:45:07,6479.5
14:45:12,6476.06
14:45:17,6475.96
14:45:22,6475.23
14:45:27,6476.24
14:45:32,6475.99
14:45:37,6476.86
14:45:42,6476.78
14:45:47,6477.32
14:45:52,6477.8
14:45:57,6477.76
14:46:02,6477.77
14:46:07,6477.98
14:46:12,6477.83
14:46:17,6478.36
14:46:22,6478.79
14:46:27,6478.52
14:46:32,6478.28
14:46:37,6478.5
14:46:42,6478.56
14:46:47,6479.64
14:46:52,6479.38
14:46:57,6479.93
14:47:02,6480.16
14:47:05,6480.16
14:47:07,6480.51
14:47:12,6479.69
14:47:17,6479.83
14:47:22,6479.36
14:47:27,6480.14
14:47:32,6480.46
14:47:37,6480.46
14:47:42,6479.73
14:47:47,6479.41
14:47:52,6479.45
14:47:57,6479.08
14:48:02,6479.45
14:48:05,6479.45
14:48:07,6479.62
14:48:12,6480.31
14:48:17,6480.69
14:48:22,6480.89
14:48:27,6481.61
14:48:32,6481.43
14:48:37,6481.58
14:48:42,6481.66
14:48:47,6482.12
14:48:52,6481.89
14:48:57,6481.74
14:49:02,6481.19
14:49:05,6481.19
14:49:07,6481.3
14:49:12,6478.47
14:49:17,6477.98
14:49:22,6478.7
14:49:27,6478.61
14:49:32,6479.42
14:49:37,6479.83
14:49:42,6480.09
14:49:47,6480.55
14:49:52,6480.32
14:49:57,6481.04
14:50:02,6480.89
14:50:05,6480.89
14:50:07,6481.1
14:50:12,6481.94
14:50:17,6482.79
14:50:22,6483.5
14:50:27,6484.68
14:50:32,6485.37
14:50:37,6485.23
14:50:42,6485.41
14:50:47,6485.8
14:50:52,6485.6
14:50:57,6485.72
14:51:02,6485.85
14:51:05,6485.85
14:51:07,6486.29
14:51:12,6486.11
14:51:17,6486.28
14:51:22,6486.17
14:51:27,6486.63
14:51:32,6487.41
14:51:37,6487.32
14:51:42,6487.76
14:51:47,6486.83
14:51:52,6486.9
14:51:57,6487.94
14:52:02,6488.01
14:52:05,6488.01
14:52:07,6488.02
14:52:12,6487.48
14:52:17,6487.39
14:52:22,6486.53
14:52:27,6485.31
14:52:32,6484.5
14:52:37,6484.79
14:52:42,6484.9
14:52:47,6484.57
14:52:52,6484.84
14:52:57,6486.07
14:53:02,6485.72
14:53:05,6485.72
14:53:07,6486.08
14:53:12,6485.76
14:53:17,6485.7
14:53:22,6485.68
14:53:27,6485.86
14:53:32,6486.59
14:53:37,6486.53
14:53:42,6485.36
14:53:47,6486.14
14:53:52,6486.15
14:53:57,6485.11
14:54:02,6485.24
14:54:05,6485.24
14:54:07,6484.87
14:54:12,6485.47
14:54:17,6485.93
14:54:22,6486.26
14:54:27,6487.11
14:54:32,6486.88
14:54:37,6487.31
14:54:42,6485.92
14:54:47,6487.08
14:54:52,6487.71
14:54:57,6488.66
14:55:02,6488.85
14:55:05,6488.85
14:55:07,6488.95
14:55:12,6488.57
14:55:17,6489.02
14:55:22,6489.75
14:55:27,6489.55
14:55:32,6489.78
14:55:37,6489.86
14:55:42,6489.94
14:55:47,6490.1
14:55:52,6490.89
14:55:57,6489.53
14:56:02,6490.06
14:56:05,6490.06
14:56:07,6491.06
14:56:12,6491.18
14:56:17,6490.72
14:56:22,6490.58
14:56:27,6491.94
14:56:32,6491.12
14:56:37,6490.59
14:56:42,6491.05
14:56:47,6490.78
14:56:52,6490.78
14:56:57,6491.35
14:57:02,6491.76
14:57:05,6491.76
14:57:07,6491.72
14:57:12,6491.72
14:57:17,6491.72
14:57:22,6491.72
14:57:27,6491.72
14:57:32,6491.72
14:57:37,6491.72
14:57:42,6491.72
14:57:47,6491.72
14:57:52,6491.72
14:57:57,6491.72
14:58:02,6491.72
14:58:05,6491.72
14:58:07,6491.72
14:58:12,6491.72
14:58:17,6491.72
14:58:22,6491.72
14:58:27,6491.72
14:58:32,6491.72
14:58:37,6491.72
14:58:42,6491.72
14:58:47,6491.72
14:58:52,6491.72
14:58:57,6491.72
14:59:02,6491.72
14:59:07,6491.72
14:59:12,6491.72
14:59:17,6491.72
14:59:22,6491.72
14:59:27,6491.72
14:59:32,6491.72
14:59:37,6491.72
14:59:42,6491.72
14:59:47,6491.72
14:59:52,6491.72
14:59:57,6491.72
15:00:02,6491.72
15:00:06,6491.72
15:00:07,6488.5